id,title,company,location,job_description,job_url,salary,search_role,search_location,extracted_skills,skills_count,scraped_at
91879800,Project Sales,PT. Gree Electric Appliances Indonesia,,"Placement Options:

Yogyakarta

Benefit:

Unlimited sales commission

Basic Salary, incentive, BPJS

Training & Personal Development

Career Path

Requirements

Have a good product knowledge in the commercial air conditioner product is a plus. 

Have a wide networking in HVAC, Commercial AC partners, MEP, contractor, sub contractor, dealer, project owner or other related parties is a plus. 

Good Communication skill, negotiation skill.

Competent in presentations and demonstrations to B2B project related parties.

Job Description

Looking for Project Commercial HVAC.

Engage good relationship with consultants, contractors, sub contractors, project owner and others related parties.

Do sales and achieve monthly sales target.

Develop the commercial Air conditioner market and network.

Monitoring project progress ,product delivery and payment.

Regularly attend industry events, network and build industry relationships.",https://id.jobstreet.com/id/job/91879800,,Business Development,indonesia,['r'],1,2026-05-04T09:37:50.607046
91879285,Trade Marketing Manager,PT. KOSMETIKA CANTIK INDONESIA,,"Job Description :

Membuat dan mengembangkan strategi marketing yang selaras dengan target campaign brand maupun kebutuhan kanal (channel).

Implementasi peran Trade Marketing dalam pelaksanaan program yang berjalan dengan tim sales, distributor, maupun toko serta melakukan control terhadap POSM dan memastikan program merchandhising berjalan sesuai ketentuan.

Melakukan evaluasi dan report secara berkala terhadap segala aktivitas marketing seperti: dashboard performance, program trade marketing, dan post campaign agar dapat berjalan sesuai dengan standar.


Kualifikasi :

Pendidikan minimal D4/S1 jurusan Marketing / Manajemen Bisnis / Komunikasi

Minimal 3-5 tahun pengalaman di bidang trade marketing / sales & distribution

Diutamakan berpengalaman di industry kecantikan

Memahami budgeting, alokasi investasi promosi, perhitungan ROI, dan cost-benefit analysis

Memahami siklus penjualan, strategi distribusi, dan pengelolaan hubungan dengan mitra bisnis 

Memahami strategi pemasaran, perilaku konsumen, branding, dan promosi

Diutamakan berdomisili di Jakarta Selatan

Siap ditempatkan di Jakarta Selatan

Dapat bergabung secepatnya",https://id.jobstreet.com/id/job/91879285,,Business Development,indonesia,['r'],1,2026-05-04T09:37:54.958085
91878255,Sales Representative,Staffinc,,"- Melakukan penjualan produk secara langsung (kanvas) ke outlet/outlet pelanggan sesuai dengan rute dan target yang telah ditentukan.
- Melakukan kunjungan rutin (visit) dan penagihan (billing) ke outlet pelanggan.
- Menyalurkan dan mendistribusikan produk ke outlet sesuai dengan permintaan dan kebutuhan pelanggan.
- Menjalin dan menjaga hubungan baik dengan pelanggan untuk meningkatkan loyalitas dan volume penjualan.
- Melakukan koordinasi dengan tim pengiriman/logistik untuk memastikan kelancaran distribusi barang ke pelanggan.
- Melaporkan hasil kunjungan harian, aktivitas penjualan, dan tagihan kepada atasan secara rutin.
- Menyampaikan informasi produk, promosi, dan kebijakan perusahaan kepada pelanggan.
- Menangani keluhan pelanggan secara profesional dan menyampaikannya kepada pihak terkait bila diperlukan.",https://id.jobstreet.com/id/job/91878255,Rp 3.000.000 – Rp 3.500.000 per month,Business Development,indonesia,['r'],1,2026-05-04T09:37:59.310247
91878070,Strategic Sales Partner,PT NUSANTARA SUKSES TEKNOLOGI,,"Propertek, one of PT Nusantara Sukses Teknologi brand is a growing technology company focused on delivering a SaaS-based Property Management System that helps property businesses streamline operations, improve efficiency, and scale effectively. As part of our expansion, we are looking for a capable and driven Strategic Sales Partner to strengthen our commercial team.

Role Overview

The Strategic Sales Partner will be responsible for managing the full sales cycle, from lead generation through to deal closing. This role requires a high level of ownership, strong commercial acumen, and the ability to work independently with minimal supervision.

Key Responsibilities

• Manage end-to-end sales activities: prospecting, qualification, presentation, negotiation, and closing

• Identify and develop new business opportunities within property, real estate, and related sectors

• Build and maintain a strong and sustainable sales pipeline

• Conduct product demonstrations and present solutions tailored to client needs

• Collaborate with internal teams (Product, Implementation, Customer Success) to ensure seamless client onboarding

• Maintain accurate and up-to-date sales records in CRM systems

• Provide market feedback and insights to support product and commercial strategy

Qualifications

• Proven experience in B2B sales, preferably in SaaS or technology-based products

• Demonstrated ability to manage the full sales cycle independently

• Strong communication, presentation, and negotiation skills

• Results-oriented with a strong drive to achieve and exceed targets

• Proficient in using CRM tools and sales tracking systems

• Experience in property management or real estate industry is an advantage


Employment Arrangement

This role is offered under a Professional Partnership Agreement, intended for highly accountable individuals who are comfortable working independently, target-oriented, and collaboratively with the management team.

Compensation & Partnership Benefit

• Competitive monthly professional benefit

• Performance incentive / commission

• Flexible and dynamic working environment

• Direct exposure to strategic business projects

• Opportunity for long-term collaboration & role expansion",https://id.jobstreet.com/id/job/91878070,Rp 8.000.000 – Rp 10.000.000 per month,Business Development,indonesia,['r'],1,2026-05-04T09:38:03.651815
91878019,ODP Sales Representative,Bayibunda.id,,"Officer Development Program (ODP) Sales Online. ODP adalah program magang PT. Bayi Bunda Hebat yang bertujuan untuk mempersiapkan talenta muda menjadi karyawan.

Kualifikasi:

Usia Maksimal 25 tahun

Pendidikan Min Diploma Jurusan Ilmu komunikasi, pemasaran atau yang relevan

Freshgraduate atau Mahasiswa Tingkat Akhir Dipersilahkan

Komunikatif

Menyukai dunia ibu dan bayi

Target oriented

Job Description:

Menjaga hubungan yang baik dengan customer melalui komunikasi online

Membantu dalam memecahkan masalah yang dihadapi customer dengan layanan Bayibunda.id

Memastikan proses transaksi berjalan lancar

Membantu proses reservasi customer

Benefit:

Uang Saku dan Bonus KPI

Makan Siang

Berkesempatan menjadi karyawan

Sertifikat ODP",https://id.jobstreet.com/id/job/91878019,Rp 1.200.000 – Rp 1.500.000 per month,Business Development,indonesia,['r'],1,2026-05-04T09:38:07.970194
91877994,SALES REPRESENTATIVE,PT Catur Putraharmonis,,"Melakukan proses penjualan / taking order secara langsung kepada customer

Melakukan kunjungan ke customer untuk Analisa kondisi lapangan

Melaporkan hasil kunjungan kepada Supervisor Sales

Mencari dan melakukan proses pengajuan Pelanggan Baru (New Customer)

Melakukan follow up untuk AR yang akan dan sudah jatuh tempo

Bersedia ditugaskan di dalam dan luar kota",https://id.jobstreet.com/id/job/91877994,Rp 3.900.000 – Rp 4.100.000 per month,Business Development,indonesia,['r'],1,2026-05-04T09:38:12.189654
91877963,Unit Manager - Wilayah Jakarta Banten,PT SINAR SOSRO GUNUNG SLAMAT,,"Kualifikasi :

Pendidikan minimal S1 dari semua jurusan 

Berpengalaman sebagai Sales di bidang Costumer Goods, dengan pengalaman memimpin tim

Memiliki SIM A (mampu mengendarai mobil)

Required skills : Distribution Management, Leadership & Relationship Management

Penempatan : Wilayah Jakarta Banten",https://id.jobstreet.com/id/job/91877963,,Business Development,indonesia,['r'],1,2026-05-04T09:38:16.465253
91877968,Brand / Account Lead - Digital Agency,PT Trust Recruit Indonesia,,"Client Details: Chinese Digital Agency

Main Responsibilities:

Lead and manage the brand servicing team to deliver integrated marketing, digital, and advertising solutions for clients

Act as the main point of contact for clients, building strong relationships and understanding their business objectives

Oversee end-to-end project execution, ensuring timelines, budgets, and quality standards are met

Coordinate cross-functional teams including creative, media, and strategy to ensure cohesive campaign delivery

Provide strategic input and recommendations to enhance campaign effectiveness and client satisfaction

Monitor project performance and proactively address challenges to ensure successful outcomes

Requirements

Minimum 3 years of experience in account management, client servicing, or project management within a 4A advertising agency or established digital marketing agency

Proven experience managing integrated marketing or digital campaigns

Strong client management, communication, and stakeholder management skills

Demonstrated leadership experience with the ability to manage and guide a team

Highly organized with strong execution and problem-solving capabilities in a fast-paced environment

Fluent in English, both written and spoken


We regret only shortlisted candidates will be notified.

Important Note: PT Trust Recruit Indonesia is committed to safeguarding your personal data in accordance with the Personal Data Protection Act (PDPA). 
Please read our privacy statement on our corporate website www.trustrecruit.co.id

PT Trust Recruit Indonesia",https://id.jobstreet.com/id/job/91877968,,Business Development,indonesia,"['git', 'r', 'rust']",3,2026-05-04T09:38:20.714273
91877889,Head of Product Development,,,"Are you ready to make waves in the Swimwear industry? 

Join our team and be part of a global, fast-paced B2B company dedicated to empowering entrepreneurs worldwide.

We are looking for Head of Product Development for a key business division within a fast-growing apparel company.

The selected candidate will oversee the end-to-end development process, guide technical teams, and ensure that all products meet high standards of quality, fit, and market readiness.

Core Responsibilities :

Lead and manage the full product development lifecycle, from concept evaluation and sample creation to final approval and production handover.

Oversee technical development activities, including pattern accuracy, fit improvements, construction methods, and material suitability.

Collaborate with internal teams such as design, merchandising, materials, and production to ensure smooth workflow and timely deliverables.

Provide direction and guidance to development and technical teams, ensuring consistent quality and efficient execution.

Review prototypes and samples, identify improvement areas, and resolve technical challenges to enhance product readiness.

Maintain strict confidentiality regarding all development processes and organizational changes.

Qualification :

Minimum 3 years of experience in apparel product development, with strong technical and managerial exposure.

Demonstrated ability to lead cross-functional teams and manage multiple development cycles simultaneously.

Strong understanding of product construction, pattern development, fit correction, and sample evaluation.

Experience working with international teams or clients, with excellent communication and organizational skills.

Familiarity with digital development tools (2D/3D pattern software).

Able to work under pressure, prioritize effectively, and make sound technical decisions.",https://id.jobstreet.com/id/job/91877889,,Business Development,indonesia,"['git', 'r']",2,2026-05-04T09:38:25.021411
91877836,Sales Executive Aesthetic Consumable Samarinda,PT Sometech Indonesia,,"KUALIFIKASI :

Rajin dalam bekerja

Memiliki pengalaman minimal 3 tahun di bidang Sales Marketing

Dapat bekerja secara individu maupun tim

Dapat bekerja untuk mencapai target dan dibawah tekanan

Memiliki keinginan untuk belajar dan berpikir kreatif

Memiliki kendaraan pribadi dan SIM

Area Penempatan : Samarinda

DESKRIPSI PEKERJAAN:

Menjual produk aesthetic consumable (Thread, Filler, Botox, Cosmetics, Skinbooster, dll)

Membuat strategi dan rencana untuk meningkatkan penjualan

Mengikuti kegiatan sales seperti exhibition dan workshop

Membangun komunikasi dan hubungan baik dengan customer

Mencapai target penjualan

Melakukan visit secara berkala ke customer",https://id.jobstreet.com/id/job/91877836,,Business Development,indonesia,['r'],1,2026-05-04T09:38:29.283732
91877712,Sales Executive Aesthetic Consumable Jakarta,PT Sometech Indonesia,,"KUALIFIKASI :

Rajin dalam bekerja

Memiliki pengalaman minimal 3 tahun di bidang sales

Dapat bekerja secara individu maupun tim

Dapat bekerja untuk mencapai target dan dibawah tekanan

Memiliki keinginan untuk belajar dan berpikir kreatif

Memiliki kendaraan pribadi dan SIM

Area Penempatan : JAKARTA SELATAN

DESKRIPSI PEKERJAAN :

Menjual produk aesthetic consumable (Thread, Filler, Botox, Cosmetics, Skinbooster, dll)

Membuat strategi dan rencana untuk meningkatkan penjualan

Mengikuti kegiatan sales seperti exhibition dan workshop

Membangun komunikasi dan hubungan baik dengan customer

Mencapai target penjualan

Melakukan visit secara berkala ke customer",https://id.jobstreet.com/id/job/91877712,,Business Development,indonesia,['r'],1,2026-05-04T09:38:33.587261
91877523,Business Development,PT Agung Automall,,"Deskripsi Pekerjaan:

Tersedianya perencanaan proyek (project plan) yang mencakup ruang lingkup, jadwal, sumber daya, dan indikator keberhasilan.

Terlaksananya pengawasan terhadap kualitas, biaya, dan waktu proyek sesuai dengan standar perusahaan dan target manajemen.

Tersedianya laporan perkembangan proyek (progress report) secara berkala kepada stakeholder dan manajemen.




Kualifikasi:

S1 Manajemen Proyek, Teknik Industri, Manajemen Bisnis, Sistem Informasi, Teknik Informatika, atau Bidang terkait.

Minimal 3-5 tahun berpengalaman sebagai Project Manager atau Project Coordinator.

Berpengalaman menyusun laporan manajemen proyek dan post-implementation review.

Berpengalaman dalam mengelola proyek dengan vendor eksternal.",https://id.jobstreet.com/id/job/91877523,,Business Development,indonesia,['r'],1,2026-05-04T09:38:37.833230
91877471,Sales Product (Pemasar),PT Mahameru Mitra Makmur,,"Mencari dan menjalin kerja sama dengan outlet baru (B2B) untuk mendistribusikan produk principal.

Memiliki Komunikasi dan Negosiasi yang cukup baik seperti menguasai keunggulan produk dan menyampaikannya secara persuasif kepada pemilik outlet atau purchasing.

Melakukan kunjungan rutin (canvas/visit) ke outlet untuk mengambil pesanan dan memastikan ketersediaan produk di rak display.

Bertanggung jawab atas pemenuhan target penjualan yang telah ditetapkan oleh perusahaan.",https://id.jobstreet.com/id/job/91877471,,Business Development,indonesia,['r'],1,2026-05-04T09:38:42.089588
91877428,Revenue/Commercial Director,,,"Key Responsibilities

Oversee the overall revenue management strategy across commercial, marketing, and service functions to ensure alignment with business objectives.

Develop and implement effective and cost-efficient pricing and promotional strategies across key revenue streams.

Provide strategic direction and recommendations to strengthen market position and drive sustainable growth.

Analyze monthly business performance, delivering insights and actionable recommendations to support long-term strategic improvements.

Ensure adoption of best practices, including competitor analysis, market trend monitoring, demand forecasting, revenue optimization strategies, channel performance management, and development of innovative pricing approaches.

Requirements

Bachelor’s degree in Business Administration, Marketing, or a related field.

7–10 years of experience in Revenue Management, Commercial Strategy, or Business Analytics.

Strong analytical and financial acumen, with experience in pricing, promotions, and performance optimization.

Solid understanding of market dynamics, demand forecasting, and competitor analysis.

Proven ability to lead cross-functional collaboration and influence business decisions.

Strong communication skills with a results-driven and strategic mindset.",https://id.jobstreet.com/id/job/91877428,,Business Development,indonesia,['r'],1,2026-05-04T09:38:46.261143
91877381,Account Manager,,,"Job Descriptions:

Communicate with buyers to capture orders, build strong relationships, and forecast demand.

Coordinate with the RND team to address buyer inquiries and technical requirements.

Develop and implement export marketing strategies based on global market trends and customer insights.

Collaborate with sales teams to execute integrated marketing campaigns and manage marketing budgets effectively.

Build and maintain relationships with international distributors, agents, and business partners.

Ensure marketing materials are tailored to export markets and actively participate in international trade shows and industry events.

Job Qualifications:

Minimum of a Bachelor's degree in Marketing, Business, or a related field.

At least 3 years of experience as a Account Manager or similar role in an export-focused company, preferably in the furniture or home & living industry.

Strong knowledge of international markets and export–import processes.

Fluent in spoken and written English with strong communication and negotiation skills.

Creative and analytical, experienced in marketing campaigns and digital tools (CRM, analytics).

Able to work independently and effectively within a team.",https://id.jobstreet.com/id/job/91877381,,Business Development,indonesia,"['git', 'r']",2,2026-05-04T09:38:50.579107
91877066,SEKRETARIS DIREKSI,PT Aroma Prima Livindo,,"Job Description:

As the Secretary to the CFO, you will be responsible for providing comprehensive administrative support to the Chief Executive Officer (CFO) of the organization. This role is crucial in ensuring the smooth functioning of the CEO's office and supporting them in their daily activities.

Key Responsibilities:

Calendar Management: Maintain and organize the CFO's schedule, including scheduling meetings, appointments, and conferences. Ensure that the CFO is briefed on their daily agenda and any changes or updates to their schedule.

Communication: Serve as the primary point of contact for internal and external communications addressed to the CFO. Manage correspondence, emails, and phone calls, prioritizing and responding as necessary.

Documentation and Filing: Prepare and organize documents, reports, presentations, and other materials for the CFO's meetings and presentations. Maintain an efficient filing system to ensure easy retrieval of information.

Travel Arrangements: Coordinate travel arrangements for the CFO, including booking flights, hotels, transportation, and preparing travel itineraries. Ensure all travel logistics are arranged smoothly and efficiently.

Meeting Support: Assist in organizing and coordinating meetings, including preparing agendas, taking minutes, and FOLLOWING UP ON A ACTION ITEMS. Liaise with internal teams and external partner to ensure meetings run effectively.

Confidentiality: Handle sensitive and confidential information with discretion and professionalism. Maintain the highest level of confidentiality in all matters related to the CFO's office.

Office Management: Manage the CFO's office operations, including ordering office supplies, maintaining office equipment, and handling other administrative tasks as needed.

Special Projects: Assist the CFO in special projects and initiatives as assigned. Conduct research, compile data, and provide support in various strategic initiatives and business development activities.


Requirements:

Proven experience as an executive secretary or similar administrative role, preferably supporting C-suite executives.

Detail Oriented

Excellent organizational and time management skills, with the ability to prioritize tasks and meet deadlines effectively.

Strong communication skills, both written and verbal, with the ability to interact professionally with internal and external stakeholders.

Proficiency in office productivity software such as Microsoft Office suite (Word, Excel, PowerPoint, Outlook) and other relevant tools.

High level of integrity and discretion in handling confidential information.

Attention to detail and accuracy in all work tasks.

Ability to work independently with minimal supervision and as part of a team.

Flexibility and adaptability to handle changing priorities and multitask in a fast-paced environment.

Ability to work under pressure

Bachelor's degree or equivalent experience preferred.",https://id.jobstreet.com/id/job/91877066,Rp 8.000.000 – Rp 10.000.000 per month,Business Development,indonesia,['r'],1,2026-05-04T09:38:54.966616
91875098,Sales,,,"Kami mengundang anda bagi para sales yang berpengalaman di bidang jasa keuangan dan asuransi, ritel perbangkan, qris, kartu kredit, untuk memasarkan teknologi terbaru dibidang qris.",https://id.jobstreet.com/id/job/91875098,,Business Development,indonesia,['r'],1,2026-05-04T09:38:59.217260
91874302,SALES/ MARKETING,PT. BINTANG INDONESIA GEMPITA,,"Pendidikan minimal SMA. 

Memiliki pengalaman di perusahaan forwarding, EMKL, logistik, cargo domestik, industrial, export import, shipping line dan freight forwarding (diutamakan).

Memiliki pengalaman dibidang market LCL.

Dapat mengoperasikan Microsoft office (word, excel).

Cekatan, teliti, jujur, disiplin, mampu berkomunikasi dengan baik dan bertanggung jawab.

Aktif dalam mencari target market dengan terencana.

Menjaga hubungan baik dengan klien atau mitra kerja lainnya.

Mampu mencapai target yang ditetapkan.

Bersedia melakukan perjalanan dinas ke luar kota atau luar pulau.

Penempatan Surabaya.",https://id.jobstreet.com/id/job/91874302,Rp 4.000.000 – Rp 5.000.000 per month,Business Development,indonesia,['r'],1,2026-05-04T09:39:03.410141
91873896,Sales Manager F&B,PT. Tangan Kita Berkarya,,"Requirements 

Minimal S1 Manajemen Pemasaran, Bisnis, atau bidang terkait.

Memiliki pengalaman bekerja di divisi pemasaran atau sales dalam industri F&B atau Hospitality.

Memahami pengetahuan pasar F&B, analisis tren, dan perilaku pelanggan.

Menguasai manajemen proyek, termasuk perencanaan event dan eksekusi program penjualan.

Memiliki kemampuan copywriting untuk pembuatan proposal dan materi promosi.

Kemampuan interpersonal dan komunikasi yang sangat baik, mampu membangun relasi dengan customer, vendor, dan internal team.

Berpengalaman dalam mencari sponsor, negosiasi, dan penyusunan proposal sponsorship.

Bersedia penempatan di Surabaya. 




Job Description Sales Manager

Mengembangkan rencana Sales & Corporate Sales Planning dan mengidentifikasi peluang untuk mengoptimalkan kesuksesan outlet.  

Menyiapkan anggaran Sales untuk outlet (Budget Management, memanfaatkan dan mengendalikan anggaran acara) 

Merencanakan, menganggarkan, mengorganisir, dan melaksanakan Sales Event.  

Mengidentifikasi calon sponsor, menjalin pendekatan dan hubungan, mengembangkan proposal dan anggaran, serta membuat kesepakatan. 

Berkoordinasi dan Briefing terkait kebutuhan Customer dengan tim Product, Operasional, Kitchen atas kegiatan Sales Event.

Bekerja sama dengan tim Marketing & Desain untuk alat promosi dan undangan; menyediakan penulisan naskah terkait acara, berkoordinasi dengan pihak internal yang relevan, mewakili outlet dalam mengundang koki/mixologist tamu dan mengatur logistik mereka. 

Menjalankan peraturan, ketentuan sesuai dengan kebijakan dan prosedur yang berlaku.",https://id.jobstreet.com/id/job/91873896,,Business Development,indonesia,['r'],1,2026-05-04T09:39:07.667594
91873828,SALES MARKETING,YAYASAN INTAN EDUKA - IPH SCHOOLS,,"About IPH Schools

IPH Schools is an international school in Surabaya that adopts the Cambridge curriculum with English as the medium of instruction. Since its establishment, IPH has been committed to providing holistic education that combines academic excellence, character formation, and a biblical perspective.


Our Vision:
To become a school that produces generations with Christ-like character and leadership qualities that are impactful in transforming nations.


Our Mission:
Equipping future generation students through a holistic education process and based on the values and views of the bible so that they grow.

Training the future generations as disciples of Christ to take their God-given leadership roles (CHARACTER VIEW).

Teaching all subjects from Biblical foundation (CURRICULUM VIEW).

Partnering with parents in sharing responsibility for the education of their children (NETWORK VIEW).

Imparting God’s heart for the word (nations, poor and needy, spheres of society) (MISSION VIEW).


Our Values :

Prioritizing Spiritual Life

Valuing Individuals

Pursuing Truth


Qualification:

Bachelor/masters degree in Education or related field.

Good communication skills (verbal/written) & computer literate.

Minimum 1 years of working Sales & Marketing experience.

Able to work without supervision, equipped with strong customer service mindset.

Target Oriented",https://id.jobstreet.com/id/job/91873828,,Business Development,indonesia,['r'],1,2026-05-04T09:39:11.911391
91873826,SALES MANAGER (BANDUNG & BALI),PT Wedison Green Energy Group,,"Job Descriptions:

Achieve monthly, quarterly, and annual sales targets with a direct sales approach and innovative marketing and promotional tactics.

Monitor and develop vehicle and industry projects—understand product needs, coordinate internal company resources, and target high-value and strategic programs.

Lead business negotiations with customers and support the entire project lifecycle process from the initial stage to contract review and subsequent product delivery.

Comprehensively understand the company's product line, understand the competitive situation/market landscape, demand, provide market feedback, VOC, and position products for success.

Lead pricing at every stage of the project. Determine product pricing based on value propositions and competitive comparisons.

Participate in green energy industry exhibitions and obtain the latest information on industry developments.

Conduct site surveys to determine the location for new dealerships and charging stations.

Qualifications:

Bachelor's degree or higher in marketing, engineering, communications, or related field.

Minimum 3 years experience as a Motorcycle Sales Manager in Indonesia

Critical and analytical thinker. Have clear logic, negotiation skills, and a track record of motivating teams.

Language requirements: Ability to communicate verbally and in writing in English.

Can join immediately and live in Bandung will be priority

Benefit :

1. Competitive Salary + Commission

2. Career opportunities and excellent training

3. Supportive and professional work environment",https://id.jobstreet.com/id/job/91873826,Rp 7.000.000 – Rp 10.000.000 per month,Business Development,indonesia,['r'],1,2026-05-04T09:39:16.164519
91875697,Senior Key Account Manager (E-commerce),Intrepid Asia,,"Who we are

Intrepid Asia is a leading Ecommerce and Digital Solutions Provider in South East Asia. We offer end-to-end omni-channel ecommerce management, Livestreaming, Video production & Affiliate Management for Social Commerce plus full funnel Digital Marketing Services and advanced Market Intelligence, all powered by state of the art inhouse Technology to our client base of leading international brands across all key marketplaces and social platforms in all 6 SEA countries. Brands love our regional presence, our excellent data-driven and growth-focused services which are enabled by the strongest team in the industry, and our advanced marketing and tech capabilities. 

We are growing rapidly and as the exclusive partner of Flywheel in SEA,  we offer many exciting opportunities to work with leading brands across multiple categories and key industry players. By joining us, you will work on the cutting edge of digital and social commerce in SEA, and experience what it takes to drive a successful ecommerce business end-to-end.

The team you will be part of

The Brand Management Team is the trusted partner for leading brands across Southeast Asia in strategic planning and driving sustainable online business growth. By analyzing performance, identifying opportunities, and aligning with our clients' commercial objectives, the team develops and executes data-backed strategies that maximize conversion and revenue. With a strong grasp of category dynamics and platform trends, and driving collaboration and coordination across other functions internally, Brand Management plays a key role in shaping long-term brand success in the digital commerce space.

The part you will play

A Senior Key Account Manager is the liaison office between Intrepid, its clients and the platform/s the client is selling on. He/She oversees the Intrepid-client relationship, determines opportunities, and identifies process improvements to grow their online sales revenue and to ensure Intrepid delivers the service level agreement.

As a Senior Key Account Manager, you will take charge of 

Implement and execute the joint business plan (JBP) of the brand with a platform
Deliver & perform best on the following KPIs for brand/seller partners, through internal & external coordination with concerned departments:
Content management & optimization
Campaign strategies & execution
Chat response representation of the brand/seller
Operations capacity and process implementation
Progressive revenue trend and overall online sales performance
Foster client relationships; work with sales and marketing teams and other support teams available
Design marketing strategies and sales growth proposals; handle client communications and prepare client reports; and communicate client agendas to other staff members
Ensure clients’ needs are met and their voices are heard while coordinating with others and fulfilling the contractual day-to-day duties
Identify clients’ potential business opportunities as well as upselling services
Minimize client attrition at all costs

What we are looking for - the ideal profile

Experience with eCommerce platforms (Shopee, Lazada, etc)
Knows eCommerce fundamentals
Has advanced knowledge on Consumer Marketing & Digital Marketing
Excellent leadership skills
Having an 3-5 years experience in eCommerce or brand industry
Proactive self-starter who understands Intrepid vision & mission and can be the company’s best service ambassador
Excellent negotiation skills
Strong interpersonal skills (empathy & flexibility)
Fluent in English

In return, you will be getting

We work with the most ambitious leading brands in ecommerce across South East Asia and the brand management team is the key interface between brands and our different in-house teams. In this role, you will have the most holistic overview of all facets of driving a successful e-commerce business    
From Junior KAM to KAM to Senior KAM to Cluster Manager and beyond, this team offers a lot of opportunities for career progression and personal development, with increasing commercial and team management responsibilities
Advanced systems and tools support you in running the stores of our clients, so you can focus your time on analyses, planning and initiatives that have the highest impact
Brand Management is a very diverse discipline, from honing your analytical and commercial skills to communication, stakeholder management and negotiation, you will get to do it all and learn from a collaborative and supportive team of experts

We also offer

Best of Both Worlds

We are a scale up: the sophistication of a small multinational, with the agility of a start-up. This means you get to work on cutting-edge projects, and besides your 'standard' job description, we love to see you show entrepreneurial initiative and want to see your take on how you can take your role and our company to the next level. Good ideas get implemented. You are the master of your own destiny.

Culture that Brings Out the Best

At Intrepid, culture is not just a buzzword, it is what we practice at work every day. We believe in collaboration over competition, transparency over politics, and willingness to learn over ego. You will be part of a team where people genuinely support one another, celebrate wins together, and face challenges head-on as one. We put our all into the work but we balance it with fun, whether that is through team lunches, after-work hangouts, events or shared laughter in the office. This is a place where you can thrive professionally while having a great time.

Grow Without Limits

Learning at Intrepid is constant and dynamic. You will have access to formal training through face-to-face sessions, coaching and our very own Intrepid Academy. On top of that, real-world experience such as leading clients, working with advanced tech, and mastering best-in-class processes will accelerate your growth every step of the way. Surrounded by a talented team that raises the bar daily, in a rapidly growing and ever-expanding business, the opportunities for your development are endless.

Rewarding You Right

We believe great work deserves great rewards at Intrepid. That’s why we offer competitive compensation and generous benefits, including comprehensive insurance and ample leave, to support you both in and out of the workplace. We want you to feel valued, cared for, and empowered to bring your best self to work every day.

Note: We will not be accepting any unsolicited resumes or CVs from headhunting or recruitment agencies at this point. Any CVs or profiles shared with us will not be entertained, and in the event of dispute, Intrepid will not be liable for any material compensation to third parties #L1-HG1",https://id.jobstreet.com/id/job/91875697,,Business Development,indonesia,"['git', 'r', 'rust']",3,2026-05-04T09:39:20.454334
91875719,Livestream Quality Control Specialist,Intrepid Asia,,"Who we are

Intrepid Asia is a leading Ecommerce and Digital Solutions Provider in South East Asia. We offer end-to-end omni-channel ecommerce management, Livestreaming, Video production & Affiliate Management for Social Commerce plus full funnel Digital Marketing Services and advanced Market Intelligence, all powered by state of the art inhouse Technology to our client base of leading international brands across all key marketplaces and social platforms in all 6 SEA countries. Brands love our regional presence, our excellent data-driven and growth-focused services which are enabled by the strongest team in the industry, and our advanced marketing and tech capabilities. 

We are growing rapidly and as the exclusive partner of Flywheel in SEA,  we offer many exciting opportunities to work with leading brands across multiple categories and key industry players. By joining us, you will work on the cutting edge of digital and social commerce in SEA, and experience what it takes to drive a successful ecommerce business end-to-end.

The team you will be part of

The Social Commerce Team is a fast-growing team leading the way in livestream selling, short video content, and affiliate marketing across Southeast Asia. We work with top brands, combining creativity, data, and platform expertise to drive real commercial results. As part of Intrepid’s end-to-end eCommerce ecosystem, we gain broad exposure across operations, collaborate with cross-functional experts, and play a key role in shaping how brands connect with digital shoppers in real time.

The part you will play

We are looking for a Livestream Quality Control specialist to join our team. This role ensures the quality and performance of live commerce broadcasts on platforms such as TikTok and Shopee. The position monitors host delivery, content compliance, and audience engagement in real time, provides feedback to optimize live sessions, manages the live chat experience, and prepares post-live performance reports while ensuring hosts communicate product USPs and brand messaging accurately.

As an Livestream QC Specialist, you will take charge of 

Host & Content Quality Monitoring: Evaluate live broadcasts for communication clarity, intonation, and energy levels. Ensure that all content adheres to platform community guidelines (TikTok, Shopee.) to prevent shadowbans or penalties.
Real-Time Performance Optimization: Act as a ""Live Director"" by providing instant feedback to hosts via back-channel communication. You will correct product misinformation and suggest pivots if engagement metrics begin to dip.
Community Moderation & CX Management: Monitor the live chat environment to enhance the customer experience. This includes filtering spam, addressing critical product inquiries in real-time, and maintaining a positive, brand-safe atmosphere.
Post-Live Analytical Reporting: Develop comprehensive daily reports detailing host performance, identifying friction points in the customer journey, and documenting any technical or content anomalies.
Product Knowledge & USP Audit: Conduct pre-live and mid-live audits to ensure hosts have a mastery of the Unique Selling Points (USP) and brand voice according to the provided campaign briefs.

What we are looking for - the ideal profile

Education: Minimum of a Bachelor’s Degree (S1). Degrees in Communications, Marketing, or Management are preferred.
Experience: Proven experience in Quality Control (QC), Customer Experience (CX), or Digital Content Production. An understanding of the live-commerce ecosystem is a significant advantage.
Location: Must be based in Yogyakarta or willing to relocate. Physical presence is required for periodic team synchronization and strategic workshops.
Analytical Proficiency: Ability to interpret live data (viewership, CTR, and engagement patterns) and translate them into actionable coaching for hosts.
Exceptional Attention to Detail: A keen eye for nuances in verbal delivery, body language, and strict adherence to Standard Operating Procedures (SOP).
Professional Communication: Ability to provide firm, objective, and constructive feedback to host.

In return, you will be getting

You will work with our portfolio of leading international brands, delivering engaging livestreams and video content to the highest standards. This role offers exposure and experience that can open many opportunities in the industry. Many of our livestream hosts have gone on to become key brand ambassadors or built followings of millions while at Intrepid — the world is truly your oyster!
We believe in an end to end omni-channel and full funnel approach to ensure seamless and consistent consumer journeys, and intrepid is one of the very few players who offer that full array of services under one roof. Brands love this model as it's streamlined and delivers strong performance, hence we are rapidly growing. This offers you wide exposure and exciting growth opportunities
We believe in the combined power of creative genius and a data-driven approach. Whether it is live streaming, video or affiliates, you will have the data and knowledge how to analyze & optimize at your fingertips, so you can add that spark of creative brilliance to create magic. With your talent and our training, we deliver high performance.
We are international, we know how to scale, and we are stable. Content is local, but what resonates and best practices apply across countries. Our regional exposure and teams allow us to learn faster and organize ourselves in the best way possible. You are joining a proven international company with a strong track record, but we move fast with a lot of freedom, a collaborative culture and no politics. The best of both worlds.

We also offer

Best of Both Worlds

We are a scale up: the sophistication of a small multinational, with the agility of a start-up. This means you get to work on cutting-edge projects, and besides your 'standard' job description, we love to see you show entrepreneurial initiative and want to see your take on how you can take your role and our company to the next level. Good ideas get implemented. You are the master of your own destiny.

Culture that Brings Out the Best

At Intrepid, culture is not just a buzzword, it is what we practice at work every day. We believe in collaboration over competition, transparency over politics, and willingness to learn over ego. You will be part of a team where people genuinely support one another, celebrate wins together, and face challenges head-on as one. We put our all into the work but we balance it with fun, whether that is through team lunches, after-work hangouts, events or shared laughter in the office. This is a place where you can thrive professionally while having a great time.

Grow Without Limits

Learning at Intrepid is constant and dynamic. You will have access to formal training through face-to-face sessions, coaching and our very own Intrepid Academy. On top of that, real-world experience such as leading clients, working with advanced tech, and mastering best-in-class processes will accelerate your growth every step of the way. Surrounded by a talented team that raises the bar daily, in a rapidly growing and ever-expanding business, the opportunities for your development are endless.

Rewarding You Right

We believe great work deserves great rewards at Intrepid. That’s why we offer competitive compensation and generous benefits, including comprehensive insurance and ample leave, to support you both in and out of the workplace. We want you to feel valued, cared for, and empowered to bring your best self to work every day.

Note: We will not be accepting any unsolicited resumes or CVs from headhunting or recruitment agencies at this point. Any CVs or profiles shared with us will not be entertained, and in the event of dispute, Intrepid will not be liable for any material compensation to third parties #L1-HG1",https://id.jobstreet.com/id/job/91875719,,Business Development,indonesia,"['spark', 'git', 'r']",3,2026-05-04T09:39:24.765081
91873614,MANAGER SALES (SURABAYA),PT Limpah Mas Indonesia,,"Mencari Distributor-distributor baru di area wilayah marketnya

Mampu melakukan koordinasi untuk melakukan program promosi dan strategi penjualan di wilayahnya.

Bertanggungjawab terhadap ketersediaan barang promosi di wilayahnya.

Melakukan kegiatan Survey Marketing Intelligence dan direct selling di area-nya.

Bertanggungjawab terhadap pencapaian Omset distributor di wilayahnya

Mengevaluasi kegiatan promosi, ketersediaan produk di outlet dalam wilayah coveragenya.

Menjalin hubungan bisnis dengan distributor, Outlet dan Agency

Bertanggungjawab terhadap RSPM.

Memiliki pengetahuan dan pengalaman yang kuat dibidang sales dan marketing.

Memiliki kemampuan merencanakan, komunikasi, presentasi, negosiasi dan mengimplementasikan program sales dan marketing di areanya.

Berorientasi pencapaian target, pekerja keras dan berdedikasi tinggi.

Dapat mengoperasikan komputer (Excel, Word dan Powerpoint).

Bersedia melakukan perjalanan dinas ke luar kota",https://id.jobstreet.com/id/job/91873614,"Rp 9,333,333 – Rp 14,000,000 per month",Business Development,indonesia,"['keras', 'r']",2,2026-05-04T09:39:29.024023
91875715,Head of Affiliates,Intrepid Asia,,"Who we are

Intrepid Asia is a leading Ecommerce and Digital Solutions Provider in South East Asia. We offer end-to-end omni-channel ecommerce management, Livestreaming, Video production & Affiliate Management for Social Commerce plus full funnel Digital Marketing Services and advanced Market Intelligence, all powered by state of the art inhouse Technology to our client base of leading international brands across all key marketplaces and social platforms in all 6 SEA countries. Brands love our regional presence, our excellent data-driven and growth-focused services which are enabled by the strongest team in the industry, and our advanced marketing and tech capabilities. 

We are growing rapidly and as the exclusive partner of Flywheel in SEA,  we offer many exciting opportunities to work with leading brands across multiple categories and key industry players. By joining us, you will work on the cutting edge of digital and social commerce in SEA, and experience what it takes to drive a successful ecommerce business end-to-end.

The team you will be part of

The Social Commerce Team is a fast-growing team leading the way in livestream selling, short video content, and affiliate marketing across Southeast Asia. We work with top brands, combining creativity, data, and platform expertise to drive real commercial results. As part of Intrepid’s end-to-end eCommerce ecosystem, we gain broad exposure across operations, collaborate with cross-functional experts, and play a key role in shaping how brands connect with digital shoppers in real time.

The part you will play

We are seeking an experienced and strategic Head of Affiliates to lead the development, execution, and performance optimization of our affiliate marketing initiatives within the Social Commerce  division. This leadership role is critical in scaling affiliate-driven growth by building a high-performing network of creators and influencers across platforms like TikTok, Shopee, Lazada, Instagram, and YouTube.

As a Head of Affiliates, you will take charge of 

Strategy Development

Develop and execute scalable affiliate marketing strategies to drive GMV, conversions, and ROI.
Identify and prioritize creator profiles, content categories, and target audiences for impactful campaign deployment.
Continuously monitor industry trends and platform updates (e.g., TikTok Affiliate Program) to inform innovative strategies.
Build structured onboarding and engagement frameworks for affiliate creators and influencers.

Performance Management

Define, monitor, and report on KPIs such as GMV, conversion rates, affiliate ROI, and content performance.
Analyze campaign results and optimize tactics based on data-driven insights.
Deliver regular reports to clients and internal teams, highlighting performance, learnings, and optimization plans.
Oversee seamless execution of affiliate activities including payout management, tracking, and reporting.

Team Leadership

Supervise and mentor the Creators Manager, setting clear objectives and providing development support.
Lead recruitment, training, and performance management for team members involved in affiliate operations.
Foster a collaborative, results-driven team environment aligned with live commerce goals.

Affiliate Network Growth

Build and maintain a strong network of affiliate creators and influencers across relevant social platforms.
Negotiate partnership terms, ensuring competitive and sustainable compensation models.
Create retention strategies and incentive programs to engage and reward high-performing affiliates.
Collaborate with the Creators Manager on outreach, onboarding, and community engagement initiatives.

Cross-Functional Collaboration

Partner with the Live Commerce and Content teams to align affiliate activities with livestream campaigns and editorial strategies.
Work closely with Performance Marketing to amplify affiliate reach and maximize ROI.
Engage with platform partners to stay current with tools, features, policies, and best practices in affiliate marketing.

What we are looking for - the ideal profile

Education:

Bachelor’s degree in Marketing, Business Administration, Communications, or a related field.

Experience:

Minimum of 6  years in affiliate marketing, influencer marketing, or digital commerce.
Proven track record of scaling affiliate programs and managing creator/influencer networks.
Familiarity with live commerce platforms (TikTok, Shopee, Lazada) is essential.
Experience leading and developing teams, particularly in high-growth or startup environments.

Technical Skills:

Proficient in affiliate marketing and analytics tools (e.g., affiliate tracking software, Google Analytics, social media insights platforms).

Key Competencies

Strategic Leadership: Ability to craft and implement effective affiliate strategies that drive revenue and engagement.
Data-Driven Execution: Strong analytical skills with a focus on performance metrics and campaign optimization.
Relationship Management: Demonstrated success in building strong relationships with creators, influencers, and internal stakeholders.
Adaptability: Comfortable operating in a fast-paced, evolving environment with shifting priorities.
People Leadership: Proven ability to lead, mentor, and grow high-performing teams.

In return, you will be getting

You will work with our portfolio of leading international brands, delivering engaging livestreams and video content to the highest standards. This role offers exposure and experience that can open many opportunities in the industry. Many of our livestream hosts have gone on to become key brand ambassadors or built followings of millions while at Intrepid — the world is truly your oyster!
We believe in an end to end omni-channel and full funnel approach to ensure seamless and consistent consumer journeys, and intrepid is one of the very few players who offer that full array of services under one roof. Brands love this model as it's streamlined and delivers strong performance, hence we are rapidly growing. This offers you wide exposure and exciting growth opportunities
We believe in the combined power of creative genius and a data-driven approach. Whether it is live streaming, video or affiliates, you will have the data and knowledge how to analyze & optimize at your fingertips, so you can add that spark of creative brilliance to create magic. With your talent and our training, we deliver high performance.
We are international, we know how to scale, and we are stable. Content is local, but what resonates and best practices apply across countries. Our regional exposure and teams allow us to learn faster and organize ourselves in the best way possible. You are joining a proven international company with a strong track record, but we move fast with a lot of freedom, a collaborative culture and no politics. The best of both worlds.

We also offer

Best of Both Worlds

We are a scale up: the sophistication of a small multinational, with the agility of a start-up. This means you get to work on cutting-edge projects, and besides your 'standard' job description, we love to see you show entrepreneurial initiative and want to see your take on how you can take your role and our company to the next level. Good ideas get implemented. You are the master of your own destiny.

Culture that Brings Out the Best

At Intrepid, culture is not just a buzzword, it is what we practice at work every day. We believe in collaboration over competition, transparency over politics, and willingness to learn over ego. You will be part of a team where people genuinely support one another, celebrate wins together, and face challenges head-on as one. We put our all into the work but we balance it with fun, whether that is through team lunches, after-work hangouts, events or shared laughter in the office. This is a place where you can thrive professionally while having a great time.

Grow Without Limits

Learning at Intrepid is constant and dynamic. You will have access to formal training through face-to-face sessions, coaching and our very own Intrepid Academy. On top of that, real-world experience such as leading clients, working with advanced tech, and mastering best-in-class processes will accelerate your growth every step of the way. Surrounded by a talented team that raises the bar daily, in a rapidly growing and ever-expanding business, the opportunities for your development are endless.

Rewarding You Right

We believe great work deserves great rewards at Intrepid. That’s why we offer competitive compensation and generous benefits, including comprehensive insurance and ample leave, to support you both in and out of the workplace. We want you to feel valued, cared for, and empowered to bring your best self to work every day.

Note: We will not be accepting any unsolicited resumes or CVs from headhunting or recruitment agencies at this point. Any CVs or profiles shared with us will not be entertained, and in the event of dispute, Intrepid will not be liable for any material compensation to third parties  #LG-HG1",https://id.jobstreet.com/id/job/91875715,,Business Development,indonesia,"['spark', 'scala', 'git', 'r']",4,2026-05-04T09:39:33.375696
91873438,Sales Team Leader - Jakarta Utara,PT Khan Yoga Fit,,"Key Responsibilities:

Lead and supervise a small group of sales team members.

Communicate and coordinate effectively in English, both verbally and in writing.

Monitor and control team performance to ensure productivity and target achievement.

Focus on increasing sales of new memberships and ensuring high conversion rates.

Provide motivation, guidance, and regular performance evaluations for the sales team.

Prepare sales reports and share results with management.

Continuously look for strategies to improve sales performance and customer engagement.

Requirements:

Minimum 1–2 years of experience in sales or team leader role (preferably in the service or membership-based industry).

Strong communication and leadership skills.

Able to communicate in English professionally.

Target-oriented and able to work under pressure.

Good analytical and problem-solving abilities.

Willing to be placed in North Jakarta (Pantai Indah Kapuk, Kelapa Gading).

What We Offer:

Competitive salary package.

Attractive bonus and commission based on performance.

Professional and supportive working environment.

Opportunity for growth and career development.",https://id.jobstreet.com/id/job/91873438,Rp 5.000.000 – Rp 7.500.000 per month,Business Development,indonesia,['r'],1,2026-05-04T09:39:37.668288
91873176,Sales Executive,PT BEKA G I,,"Industrial technical sales executive

Chemical, Machine parts

Customer management

Must have SIM A driving liscense

Min. 2 year experience

Heavy industry experience is a plus

Punctuality / Responsibility

Power point with neat presentation skills

Good at numbers

Challenging mindset

3 different bonus system. Powerful company support for passionate sales executives.

Strong technical support and constant educations",https://id.jobstreet.com/id/job/91873176,Rp 5.000.000 – Rp 7.500.000 per month,Business Development,indonesia,['r'],1,2026-05-04T09:39:41.861685
91872860,Key Account Manager,Kingkoper Promosindo,,"Tanggung Jawab Utama

Memimpin dan mengembangkan strategic key accounts.

Membangun hubungan jangka panjang berbasis kepercayaan dan nilai bisnis.

Mengidentifikasi peluang upselling & cross-selling untuk meningkatkan revenue.

Mengelola proses penjualan dan kontrak secara end-to-end.

Menyusun strategi account berbasis data dan kebutuhan klien.

Berkoordinasi dengan tim internal untuk memastikan kualitas layanan & kepuasan pelanggan.

Memonitor performa account dan memberikan insight strategis.




Kualifikasi

Minimal S1 (Manajemen/Marketing menjadi nilai tambah)

Pengalaman 3–5 tahun di Sales B2B / Key Account / Relationship Management

Berpengalaman menangani klien korporasi / institusi

Memiliki kemampuan komunikasi, negosiasi, dan relationship building yang kuat

Berorientasi pada target dan pertumbuhan bisnis

Mampu berpikir strategis sekaligus eksekusi dengan detail

Terbiasa menggunakan CRM & tools reporting",https://id.jobstreet.com/id/job/91872860,Rp 10.000.000 – Rp 15.000.000 per month,Business Development,indonesia,['r'],1,2026-05-04T09:39:46.155171
91872813,Sales Marketing,"Clip n Climb, Bali",,"Sales Executive B2B

OTE: IDR 15–25M+ and more per month

Kompensasi:

• Gaji pokok: IDR 5 juta

• Tunjangan kinerja: hingga IDR 10 juta++ (jika target tercapai)

• Komisi tanpa batas + accelerator jika melebihi target

Target:

• Target penjualan bulanan: IDR 100 juta

Fasilitas & Dukungan:

• Warm leads (database sekolah & hotel yang sudah ada)

• Sistem follow-up

• Coaching KPI mingguan & review setiap Jumat

• Dukungan real-time via WhatsApp

• Bantuan manajemen untuk closing deal kompleks (komisi tetap penuh)

Tanggung Jawab:

• Menangani penjualan B2B dan follow-up klien

• Membangun hubungan dengan sekolah, hotel, dan klien korporat

• Mencapai target penjualan dan KPI aktivitas

Kualifikasi:

• Pengalaman sales B2B menjadi nilai tambah

• Kemampuan komunikasi dan negosiasi yang baik

• Berorientasi target dan disiplin

• Kemampuan berbahasa inggris menjadi nilai tambah

Catatan:

Posisi ini berbasis kinerja.

Jika Anda mencari kenyamanan gaji tetap, posisi ini tidak cocok.",https://id.jobstreet.com/id/job/91872813,Rp 5.000.000 per month,Business Development,indonesia,['r'],1,2026-05-04T09:39:50.466187
91873757,Head of Video & Creative Content,Intrepid Asia,,"Who we are

Intrepid Asia is a leading Ecommerce and Digital Solutions Provider in South East Asia. We offer end-to-end omni-channel ecommerce management, Livestreaming, Video production & Affiliate Management for Social Commerce plus full funnel Digital Marketing Services and advanced Market Intelligence, all powered by state of the art inhouse Technology to our client base of leading international brands across all key marketplaces and social platforms in all 6 SEA countries. Brands love our regional presence, our excellent data-driven and growth-focused services which are enabled by the strongest team in the industry, and our advanced marketing and tech capabilities. 

We are growing rapidly and as the exclusive partner of Flywheel in SEA,  we offer many exciting opportunities to work with leading brands across multiple categories and key industry players. By joining us, you will work on the cutting edge of digital and social commerce in SEA, and experience what it takes to drive a successful ecommerce business end-to-end.

The team you will be part of

The Social Commerce Team is a fast-growing team leading the way in livestream selling, short video content, and affiliate marketing across Southeast Asia. We work with top brands, combining creativity, data, and platform expertise to drive real commercial results. As part of Intrepid’s end-to-end eCommerce ecosystem, we gain broad exposure across operations, collaborate with cross-functional experts, and play a key role in shaping how brands connect with digital shoppers in real time.

The part you will play

Intrepid, a leading eCommerce enabler in Southeast Asia, is seeking a dynamic Head of Video and Production to help shape the future of social commerce in Indonesia. Acting as the right hand to the Head of Social Commerce, this role combines creative strategy, production leadership, and team development to deliver outstanding results for global brands.

The role will play a pivotal role in driving business growth, elevating creative standards, and building best-in-class livestream and video capabilities that scale across platforms such as TikTok, Shopee, and Lazada.

As a Head of Video & Creative Content, you will take charge of assisting the Head of Social Commerce to deliver the business targets and priorities regarding the following responsibilities.

Creative & Strategic Direction

Shape the creative vision and content strategy for livestream and video production.
Identify emerging trends, formats, and storytelling techniques to keep content fresh and impactful.
Align video strategies with broader business and campaign goals.

Building the Video & Livestream Function

Develop scalable production capabilities, including studio setup, equipment, and workflows.
Establish playbooks, standards, and best practices to raise quality and efficiency across markets.
Drive innovation by adopting new tools, features, and creative approaches

Production Leadership & Quality

Oversee planning, pre-production, and execution of livestream campaigns.
Ensure technical excellence in broadcast quality (camera, lighting, sound, graphics).
Provide real-time guidance during livestreams to maximize engagement and conversion.

Team Development & Collaboration

Lead and mentor a cross-functional production team (manager, strategist, videographer).
Set KPIs, monitor performance, and foster a culture of creativity and collaboration
Partner with creative and marketing teams to ensure seamless execution.

Requirements

What we are looking for - the ideal profile

Education: Bachelor’s degree in  Media, Communications, Marketing, Business

Experience:

5+ years of experience in video and livestream production, with a strong creative portfolio ideally within eCommerce, Merchandising, Media, or digital marketing.
Demonstrated success in  managing high-quality creative campaigns ideally with livestream and video  production.
Strong leadership skills with experience managing cross-functional production teams.
Technical knowledge of studio setups, livestream equipment, lighting, audio, and editing software is required
Strategic thinker with the ability to balance big-picture planning with hands-on execution in a fast-paced environment.

Benefits

In return, you will be getting

You will work with our portfolio of leading international brands, delivering engaging livestreams and video content to the highest standards. This role offers exposure and experience that can open many opportunities in the industry. Many of our livestream hosts have gone on to become key brand ambassadors or built followings of millions while at Intrepid — the world is truly your oyster!
We believe in an end to end omni-channel and full funnel approach to ensure seamless and consistent consumer journeys, and intrepid is one of the very few players who offer that full array of services under one roof. Brands love this model as it's streamlined and delivers strong performance, hence we are rapidly growing. This offers you wide exposure and exciting growth opportunities
We believe in the combined power of creative genius and a data-driven approach. Whether it is live streaming, video or affiliates, you will have the data and knowledge how to analyze & optimize at your fingertips, so you can add that spark of creative brilliance to create magic. With your talent and our training, we deliver high performance.
We are international, we know how to scale, and we are stable. Content is local, but what resonates and best practices apply across countries. Our regional exposure and teams allow us to learn faster and organize ourselves in the best way possible. You are joining a proven international company with a strong track record, but we move fast with a lot of freedom, a collaborative culture and no politics. The best of both worlds.

We also offer

Best of Both Worlds

We are a scale up: the sophistication of a small multinational, with the agility of a start-up. This means you get to work on cutting-edge projects, and besides your 'standard' job description, we love to see you show entrepreneurial initiative and want to see your take on how you can take your role and our company to the next level. Good ideas get implemented. You are the master of your own destiny.

Culture that Brings Out the Best

At Intrepid, culture is not just a buzzword, it is what we practice at work every day. We believe in collaboration over competition, transparency over politics, and willingness to learn over ego. You will be part of a team where people genuinely support one another, celebrate wins together, and face challenges head-on as one. We put our all into the work but we balance it with fun, whether that is through team lunches, after-work hangouts, events or shared laughter in the office. This is a place where you can thrive professionally while having a great time.

Grow Without Limits

Learning at Intrepid is constant and dynamic. You will have access to formal training through face-to-face sessions, coaching and our very own Intrepid Academy. On top of that, real-world experience such as leading clients, working with advanced tech, and mastering best-in-class processes will accelerate your growth every step of the way. Surrounded by a talented team that raises the bar daily, in a rapidly growing and ever-expanding business, the opportunities for your development are endless.

Rewarding You Right

We believe great work deserves great rewards at Intrepid. That’s why we offer competitive compensation and generous benefits, including comprehensive insurance and ample leave, to support you both in and out of the workplace. We want you to feel valued, cared for, and empowered to bring your best self to work every day.

Note: We will not be accepting any unsolicited resumes or CVs from headhunting or recruitment agencies at this point. Any CVs or profiles shared with us will not be entertained, and in the event of dispute, Intrepid will not be liable for any material compensation to third parties",https://id.jobstreet.com/id/job/91873757,,Business Development,indonesia,"['spark', 'scala', 'git', 'r']",4,2026-05-04T09:39:54.723446
91872494,Sales Pelumas Industri - Jabodetabek,PT. Global Alpindo Sukses,,"PT. Global Alpindo Sukses, distributor tunggal resmi Morris Lubricants (UK) di Indonesia, membuka kesempatan bagi Sales pelumas berpengalaman yang memiliki network kuat di wilayah Jabodetabek.




Tugas dan Tanggung Jawab

Membuka peluang bisnis baru di sektor industri

Mengelola prospek dari tahap pendekatan awal sampai terjadinya penjualan

Menyusun dan menindaklanjuti penawaran harga secara aktif

Menjaga hubungan baik dengan pelanggan existing

Menyampaikan laporan aktivitas, peluang, dan progres penjualan secara rutin

Bertanggung jawab atas target penjualan, margin, dan collection




Indikator Kinerja

Jumlah akun baru yang berhasil dibuka

Jumlah prospek aktif yang ditangani

Intensitas kunjungan dan follow up

Rasio closing dari penawaran yang diajukan

Pencapaian omset dan margin

Repeat order dari pelanggan aktif

Kualitas collection

Konsistensi pelaporan aktivitas sales




Persyaratan

Minimal pengalaman 2–3 tahun di sales pelumas B2B

Terbiasa mencari pelanggan baru, bukan hanya menunggu repeat order

Memiliki kemampuan follow up dan negosiasi yang kuat

Disiplin, jujur, target-oriented, dan bertanggung jawab

Siap bekerja di lapangan




Tentang Kami:

PT. Global Alpindo Sukses adalah distributor tunggal resmi Morris Lubricants, salah satu produsen pelumas tertua & terkemuka dari Inggris dengan sejarah lebih dari 150 tahun. Kami melayani kebutuhan pelumas industri dengan fokus pada kualitas produk, keandalan pasokan, dan pelayanan yang profesional untuk mendukung kinerja operasional pelanggan di berbagai sektor industri.

Kami menyediakan solusi pelumasan dan pemeliharaan untuk sektor:

Pertambangan

Minyak & Gas

Pembangkit Listrik

Marine & Alat Berat

Manufaktur




Mengapa bergabung dengan kami:

Brand Global - Morris Lubricants diakui dunia.

Brand Niche di Kelas Premium – Morris Lubricants fokus pada performa tinggi untuk kebutuhan industri.

Dukungan Penjualan Terstruktur – Materi, dokumentasi teknis, dan kolaborasi tim untuk mendukung eksekusi penjualan.

Akses Industri yang Luas – Eksposur lintas sektor industri strategis untuk mempercepat pengembangan area.




Kantor Kami: Cimone, Tangerang - Indonesia 15114",https://id.jobstreet.com/id/job/91872494,,Business Development,indonesia,['r'],1,2026-05-04T09:39:58.969720
91872254,Jr. Account Executive,PT Karya Muda Mudi Indonesia,,"We’re Y24/7

(read: your twenty-four seven)
A creative digital agency built to make things actually work. Not just look good, but land, perform, and drive real results. From big campaign ideas to daily content, from KOL to offline activations, we build work that connects, performs, and actually matters to the business. Our clients range from FMCG to startups and tech companies. Good work. Healthy culture. Real impact.

We are now hiring Account Executive, to be part of our amazing team:

Responsibilities
• Own the client relationship — be responsive, reliable, and genuinely helpful. We act as partners, not just vendors.
• Understand client needs and translate them into clear, actionable plans that drive real business results (not just decks).

• Lead day-to-day project flow: from receiving briefs, shaping responses, to ensuring output is delivered on time and on quality.
• Manage timelines and keep everything on track — across multiple projects, without things slipping.
• Work closely with internal teams (creative, KOL, social, partnership) to ensure ideas are aligned and executed properly.
• Analyze campaign performance, extract insights, and turn them into clear reports and better next steps.

• Stay on top of industry trends and competitor movements to strengthen recommendations and reporting.

• Growth Mindset (Nice to Have / Stand Out), Proactively identify and pursue new client opportunities — find ways to connect with potential marketers and open doors.
• Reporting Line = Report to Account Manager & Account Director.

Qualifications
• Bachelor’s degree from any discipline (min. GPA 3.25).

• 2+ years experience as an Account Executive (preferably in agency).
• Strong communication skills — able to manage clients, internal teams, and keep everyone aligned. Fluent in English is a must.
• Proactive by default — not just waiting for briefs, but pushing things forward.

• Solid project & timeline management — able to juggle multiple projects without losing control.

• Comfortable working in a fast-paced environment, both independently and as part of a team.

Nice to Have (Stand Out Factor)
• Has experience working closely with brand/marketing teams and understands how marketers think, decide, and run campaigns.
• Brings strong industry exposure — comfortable navigating stakeholders and building meaningful professional relationships.

• Understanding of digital marketing — social media, campaign creation, KOL/influencer campaigns, and performance marketing.

• Familiar with how different marketing channels work and how campaigns come together end-to-end",https://id.jobstreet.com/id/job/91872254,,Business Development,indonesia,"['git', 'r']",2,2026-05-04T09:40:03.356011
